,70<=BG<=180,BG>180,BG<70,BG>250,BG<50,LBGI,HBGI,Risk Index
adolescent#001,100.0,0.0,0.0,0.0,0.0,0.22077179713928602,0.5321964145009876,0.7529682116402737
